"HDI_rank","HDI","GDI","GDI_level","Life_exp","Schooling_exp","Schooling_mean","GNI_capita","GNI_capita_level","HDI_change","WLife_exp","MLife_exp","WSchooling_exp","WSchooling","MSchooling_exp","W_HDI","M_HDI","WParliment_."
1,0.962,0.967,2,84,16.5,13.9,66933,5,0,85.9,82,16.4,13.5,16.6,0.944,0.976,39.8
2,0.961,0.983,1,83.2,19.2,13.8,64660,6,0,84.9,81.6,18.9,13.1,17.5,0.95,0.966,45
3,0.959,0.976,1,82.7,17.3,12.2,55782,11,0,84.2,81.2,20.3,13.9,18.1,0.947,0.971,47.6
4,0.952,0.976,1,85.5,21.1,12.7,62607,6,3,88.3,82.7,17.6,11.8,17,0.941,0.964,45
5,0.951,0.968,2,84.5,18.7,13,49238,18,3,85.8,83.2,21.8,12.8,20.3,0.932,0.963,37.9
6,0.948,0.98,1,81.4,19.4,12.6,60365,6,0,83.3,79.5,19.3,13.2,18.1,0.937,0.957,39.7
7,0.947,0.988,1,83,18.9,11.6,54489,9,-2,84.9,81.1,20.5,12.8,18.3,0.941,0.952,47
8,0.945,0.987,1,82,17,14.1,76169,-3,6,83.8,80.2,19.2,11.8,18.6,0.934,0.947,27.3
9,0.942,0.978,1,80.6,19.1,12.9,54534,6,-5,83.2,78.1,17,13.8,17,0.931,0.952,34.8
10,0.941,0.968,2,81.7,16.5,11.9,55979,3,-1,83.4,80,19,12.4,18.4,0.925,0.956,39.1
11,0.94,0.989,1,82,20.3,12.9,49452,11,0,84.7,79.3,19.9,13,18.3,0.934,0.945,46
12,0.939,0.992,1,82.8,19.6,12.4,90919,-10,-1,84.9,80.6,16.7,11.6,16.4,0.935,0.943,29.8
13,0.937,0.975,1,82.5,15.2,12.5,44057,16,-3,84.3,80.6,20.8,12.9,19.7,0.925,0.946,49.2
13,0.937,0.978,1,81.9,14.4,13,52293,7,2,84.3,79.4,20.7,12.3,18.5,0.925,0.948,42.9
15,0.936,0.988,1,82.7,15.2,13.4,46808,9,-2,84.7,80.6,16.9,13.9,15.9,0.929,0.941,34.4
16,0.935,0.993,1,83.3,16.5,12.5,146830,-15,-1,85.4,81.1,14.2,11.6,16.2,0.925,0.931,28
17,0.93,0.993,1,82.6,16.3,13.7,84649,-13,3,84.8,80.4,14.4,13,14.4,0.925,0.931,35
18,0.929,0.987,1,80.7,16.1,13.3,45225,9,-3,82.8,78.7,17.8,13.4,16.8,0.922,0.934,31.1
19,0.925,0.944,3,83.7,16.8,12.2,44501,9,3,86.8,80.4,16.1,11.9,16.9,0.908,0.936,19
19,0.925,0.97,2,84.8,17.7,12.8,42274,12,0,87.7,81.8,15.2,13.3,15.2,0.894,0.947,14.2
21,0.921,1.001,1,77.2,16,12.3,64765,-14,-3,80.2,74.3,16.9,13.7,15.6,0.92,0.919,27
22,0.919,0.992,1,82.3,15.7,12.7,41524,10,0,84.3,80.2,16.7,13.4,15.4,0.915,0.922,28.3
23,0.918,0.999,1,80.7,17.9,10.6,39746,10,1,83.8,77.6,18.4,12.8,16.9,0.907,0.925,21.5
23,0.918,0.98,1,83.8,15.6,12.4,38884,12,4,86.1,81.4,17.4,12,16.3,0.915,0.916,13.4
25,0.916,0.98,1,81.6,16.2,10.7,53619,-8,-4,84.1,79,16.4,12,15.6,0.906,0.924,39.3
26,0.911,0.953,2,78.7,15.9,13.5,62574,-15,9,80.9,77.2,16.5,12.5,15.2,0.877,0.921,50
27,0.905,0.986,1,83,16.2,12.9,38354,10,0,85.8,80.2,18.4,10.5,17.4,0.896,0.909,42.3
28,0.903,0.99,1,82.5,16,13.2,45937,-2,-3,85.5,79.4,16.2,11.4,15.5,0.898,0.907,37.8
29,0.896,0.972,2,81.2,16.3,11,38188,9,3,83.2,79.2,15.7,12.4,15.6,0.882,0.907,14.3
30,0.895,0.97,2,82.9,16.1,11.3,42840,0,-1,85.1,80.5,16.6,10.6,15.9,0.879,0.906,35.3
31,0.89,1.021,1,77.1,16.3,13.5,38048,8,-2,81.2,72.8,16.8,13.8,15.1,0.898,0.879,25.7
32,0.889,0.989,1,77.7,16.9,9.6,38745,4,-6,80.9,74.7,16.8,12.7,15.7,0.884,0.893,22.1
33,0.887,0.969,2,80.1,16.2,13.3,29002,17,-2,82.9,77.5,20.1,11.1,20,0.872,0.9,21.7
34,0.876,1.008,1,76.5,15.1,12.2,33034,8,-1,80.4,72.6,16.8,13.3,15.3,0.878,0.872,27.5
35,0.875,1.03,2,73.7,13.3,10.6,37931,5,1,78.8,68.8,16.7,13.6,15.9,0.829,0.894,27.7
35,0.875,0.917,4,76.9,12.6,10,46112,-10,2,78.8,75.6,16.2,10.7,16.1,0.888,0.862,19.9
35,0.875,0.927,3,78.8,16.7,10.9,39497,-1,3,80,77.8,17,10.8,15.9,0.826,0.901,18.8
38,0.866,0.994,1,81,15,12.2,33155,3,2,84.1,77.8,17,9.6,16.7,0.863,0.867,40
39,0.863,1.025,1,73.6,17.9,11.1,32803,4,1,77.8,69.2,16.8,13.6,15.6,0.873,0.852,29
40,0.858,0.961,2,80.4,18.3,8.6,51167,-19,-6,84.3,77.2,15.1,10.5,13.7,0.879,0.907,46.4
40,0.858,0.995,1,77.6,15.1,12.2,30132,8,5,81.1,74.2,15.9,11.9,14.4,0.855,0.859,31.1
42,0.855,0.967,2,78.9,15.3,7.3,24563,14,1,81.4,76.5,17,10.8,16.5,0.838,0.867,32.7
42,0.855,1.019,1,79.3,14,9.2,87134,-39,1,80.9,78.3,14.5,11.6,12.1,0.866,0.85,4.4
44,0.853,0.949,3,80.9,15.8,12.8,52654,-25,-2,83.5,78.4,11.8,10.9,12.8,0.879,0.907,33.3
45,0.848,0.999,1,74.9,14.2,11.3,30690,1,-5,78.4,71.5,15,12.9,14,0.847,0.848,22.7
46,0.846,0.987,1,74.5,14.6,11.7,32789,-2,1,77.9,71.1,15.3,12.1,14.8,0.84,0.851,13.1
47,0.842,0.997,1,75.4,12.9,12.6,20925,17,-4,78.6,72.2,19.2,11.4,16.6,0.833,0.836,44.4
48,0.838,0.937,3,76,15.8,12.3,31033,-3,6,79.1,73,17.9,7.9,18.8,0.806,0.86,17.3
49,0.832,0.981,1,76.3,15.2,12.1,20839,16,3,79.8,73,15.6,11.8,14.6,0.823,0.84,24.7
50,0.831,1.009,1,78.7,13.1,10.5,52920,-32,-1,81.5,77.2,17,8.1,13.9,0.831,0.824,1.5
51,0.829,0.984,1,74.6,13.3,10.6,64490,-42,-3,76.9,72.6,14.4,9.2,13.5,0.819,0.833,9.1
52,0.822,1.016,1,69.4,15.6,12.8,27166,-1,-2,74.8,64.2,16,12.8,15.6,0.828,0.815,16.5
53,0.821,0.994,1,74.2,15.2,10.4,30027,-4,3,77.9,70.6,14.7,11,13.8,0.819,0.823,18.5
54,0.816,0.9,4,72.5,14.4,11.4,27054,-2,-3,74.7,71,15,12.1,14.5,0.752,0.835,9.9
55,0.812,0.949,2,71.6,14.4,11.3,30486,-8,-2,75.1,68.1,15.1,12.7,13.8,0.819,0.814,20
56,0.811,0.998,1,69.4,18.7,9,23943,1,4,73.1,65.5,16,12.4,15.5,0.809,0.811,24.5
57,0.81,0.985,1,73,13.9,11.4,23392,1,-2,76.4,69.7,14.8,11.7,14.2,0.801,0.814,32.4
58,0.809,0.996,1,77,15.7,9.9,19974,8,4,79.8,74.4,17.1,8.9,16,0.806,0.81,45.6
58,0.809,1.022,1,75.4,14.2,9.3,21269,5,0,79.3,71.7,17.3,9.3,15.4,0.812,0.795,26.2
60,0.808,1.011,1,72.4,13.9,10.3,18849,8,-3,77.7,67.3,15.3,12.2,15,0.812,0.803,34.7
61,0.805,1.017,1,76.2,14.1,10.8,26957,-8,0,79.6,73,13.6,10.8,12.5,0.812,0.798,22.5
62,0.803,0.982,1,74.9,13.8,10.5,26658,-8,1,77.4,72.7,13.8,10.6,12.9,0.794,0.809,14.9
63,0.802,0.982,1,74.2,15.4,8.7,19123,4,4,77.2,71.2,15,11,13.9,0.803,0.798,39.2
63,0.802,0.973,2,73.6,14.6,10.6,22025,-1,2,76.8,70.4,15.9,10,14.5,0.789,0.811,20
63,0.802,1.007,1,71.7,13.6,10.2,14664,17,7,76.7,66.8,15.9,12.9,15.2,0.794,0.808,19.3
66,0.8,1.012,1,78.7,14.2,7.6,17030,6,6,83,74.5,16.2,8.6,15.6,0.805,0.796,13.9
67,0.796,1.007,1,76.5,14.4,11.8,14131,17,-2,79.2,74.1,15.3,11.7,13.7,0.812,0.814,35.7
68,0.795,1.007,1,74.9,14.5,9.3,13484,18,2,77.9,72.2,19.3,11,18.1,0.799,0.794,32.1
68,0.795,0.995,1,71.8,15.4,9.9,23079,-8,-9,75.5,68.4,14.2,11.5,13.6,0.792,0.796,23.8
70,0.79,1.034,2,77.6,13.1,11.3,12306,26,-2,79.4,75.6,17.7,10.3,13.8,0.812,0.795,29.4
71,0.788,0.94,1,78.5,14.9,9.2,16792,2,-3,80.9,75.8,15.2,10.8,13.2,0.799,0.773,31.4
72,0.785,0.887,3,71.3,15.6,8.1,25831,-17,-8,75.7,67.7,15.1,10.2,12.9,0.755,0.796,22.9
73,0.782,0.949,3,76.4,14.4,8.9,12578,21,9,79.5,73.1,14.5,10.8,13.8,0.755,0.761,5.4
74,0.78,0.94,3,75.3,14.7,10.8,15242,4,10,77.5,73.1,14.1,9.8,13.5,0.755,0.795,24.6
75,0.777,0.882,1,71.7,12.6,7.3,23358,-16,2,75.3,68.3,16,9.1,14.9,0.754,0.802,25
76,0.774,0.88,5,73.9,14.6,8.1,13001,15,-2,76.8,71.2,14.7,10.6,14.5,0.752,0.756,5.6
77,0.773,1.012,1,71.6,13.5,10.5,13256,11,-2,76.7,66.5,15,11.5,14.9,0.704,0.8,20.8
78,0.77,0.945,3,73.8,13.2,11.3,15918,-3,5,76.2,71.7,13.9,9.7,13.4,0.776,0.766,41.7
79,0.768,0.984,1,78.2,16,11.4,17504,-8,19,81.2,75.5,14.8,7.3,13.7,0.746,0.789,24.9
80,0.767,1.01,1,68.8,14.6,8.8,14875,-1,9,73.5,64.4,14.8,11.9,14.1,0.761,0.773,39.6
80,0.767,1.014,1,72.6,15,9.4,17990,-11,16,76.3,69.3,15.4,9.6,13.6,0.772,0.761,25.7
80,0.767,0.9,2,66,13.8,9.6,13819,5,-7,70.6,62.4,16,10.9,15.5,0.771,0.763,6.9
83,0.764,0.961,2,73.7,15.4,7.4,7879,37,-7,76.4,71.2,15.1,12.6,13.8,0.745,0.76,53.4
84,0.762,0.95,2,72.4,14.7,10.9,12246,13,1,74.7,70.1,15.2,9.3,15.5,0.745,0.775,40
85,0.759,1.001,1,72,10.6,10.4,13158,4,-5,77.4,66.6,13.8,11.3,12.5,0.742,0.781,33.6
86,0.758,0.989,1,70.2,13.3,8.1,17896,-16,-8,74.9,66.1,15.2,9.1,14.5,0.757,0.756,49.8
87,0.754,0.994,1,72.8,12.9,7.6,14370,-5,1,76,69.6,16,8.3,15.2,0.753,0.761,14.8
88,0.752,0.984,1,72.8,12.9,8.5,14384,-7,-1,76.4,69.4,14.7,9,14.2,0.75,0.755,19.6
89,0.751,0.97,2,69.6,12.5,8.6,11961,11,-4,72.4,67.4,14.9,10.9,14.5,0.744,0.756,18.2
90,0.747,0.925,3,79.9,13.6,11.4,15448,-14,6,81,79.1,14.2,7.1,11.9,0.739,0.761,4.6
91,0.745,0.956,2,69.3,13.4,9.2,13021,-1,2,72.7,65.9,13,10.9,13.4,0.709,0.766,25
91,0.745,0.974,2,69.4,13,9.4,14257,-8,-1,73.3,65.6,13.6,10.2,13.4,0.68,0.773,18.2
91,0.745,0.88,5,76.4,13,8.4,10800,13,2,78,74.9,15.3,7.7,14,0.734,0.753,7.5
91,0.745,0.965,2,71,13.1,9,6822,34,10,73.7,68.4,16.3,11.5,15.7,0.728,0.754,0
95,0.74,0.98,1,73.7,12.3,10.3,10312,11,-14,77.5,70.3,14.9,8.8,14.3,0.726,0.76,39.4
96,0.739,1.031,2,71,14.9,9.8,10588,9,4,75.7,66.5,15.6,9.9,14.4,0.731,0.745,17.1
97,0.731,0.931,3,73.8,13.2,11.4,10258,10,1,77.1,70.7,16.5,6.9,14.5,0.749,0.726,26.3
97,0.731,0.882,5,70.2,12.1,7.9,11732,4,13,72.6,67.9,13.8,9.8,13.7,0.666,0.755,22.9
99,0.73,1.001,1,70.3,11.7,11.3,12672,-6,-7,73.6,67.2,14.2,9.9,11.9,0.697,0.748,29.4
99,0.73,0.931,3,67.1,13,8.8,9980,9,3,68.9,65.4,15,11,14.5,0.698,0.75,21.6
101,0.727,0.944,3,70.9,12.7,7.2,7917,18,11,73.4,68.3,12.4,11.7,12.6,0.728,0.727,28.7
102,0.72,0.898,2,72.8,12.6,7.1,11488,0,11,76.3,69.7,14.6,9.7,12.2,0.703,0.744,34.4
102,0.72,0.887,5,74.3,13.2,5.2,9924,8,2,76.8,72.1,10.8,10.1,10.5,0.667,0.735,11.8
104,0.718,0.975,1,71.9,12.4,7.4,15336,-27,10,74.4,69.6,13.1,8.5,12.6,0.663,0.748,16
105,0.717,0.99,1,70.3,9.4,10.6,12349,-10,-2,73.4,67.4,13.6,8.9,12.4,0.708,0.726,16.8
106,0.715,0.891,5,73.5,10.2,10.9,6583,21,2,75.9,71.1,14.3,9.9,12.5,0.713,0.72,11.8
106,0.715,1.011,1,71.1,11.9,6.7,12048,-7,-11,74.7,67.8,13.4,8.8,12.4,0.655,0.735,24.1
108,0.714,0.978,1,65.7,11.5,7.8,22465,-47,12,69.1,62.5,12.8,8.7,12.2,0.719,0.711,35.7
109,0.713,0.944,3,62.3,10.6,5.7,12948,-17,-4,65,59.5,14,9.7,13.3,0.704,0.72,46
110,0.709,0.99,1,70.5,11.8,8,8834,4,-3,72.5,68.5,13.7,9.7,13.1,0.686,0.727,31
111,0.707,0.957,2,72.8,10.1,7.1,5308,24,-6,75.5,70.3,13,11.8,11.9,0.704,0.711,7.8
112,0.706,0.908,4,65.8,13.4,6.2,13367,-25,2,68.5,63.5,12.6,7.8,13.4,0.685,0.716,18.7
112,0.706,0.882,5,75,12.6,5.4,9526,-1,-21,77.3,72.8,11.1,8.5,11.5,0.667,0.735,4.7
114,0.705,0.941,3,67.6,11.5,7.1,11466,-11,3,69.7,65.5,13.8,8.2,13.7,0.65,0.737,21
115,0.703,1.002,1,73.6,12.9,5.1,7867,6,5,78.2,69.1,13.2,8,12.7,0.681,0.723,30.3
116,0.699,0.99,1,69.3,13.7,5.6,8920,-3,0,71.5,67.2,13.5,9.2,12.8,0.704,0.702,28
117,0.693,0.981,1,61.1,11.5,5.1,16198,-43,-6,63.6,58.7,12.4,10.3,12.2,0.704,0.711,10.8
118,0.692,0.964,2,63.6,9.2,5.1,8111,0,0,66.8,60.9,14.9,9.2,15,0.695,0.702,48.2
118,0.692,0.966,2,70,10.7,6.7,4566,26,0,74.4,65.8,13.4,11.6,13,0.686,0.7,20.5
120,0.691,0.983,1,70.6,12.3,6.2,4811,20,-41,75.2,66.3,13.8,11.4,11.8,0.68,0.705,22.2
121,0.686,0.803,5,70.4,10.9,7.2,9977,-12,1,72.4,68.2,11.5,7.2,12.7,0.675,0.698,28.9
122,0.685,0.909,4,71.6,10.3,5.7,4548,23,3,73.7,69.6,11.2,10.9,12.1,0.679,0.691,23.4
123,0.683,0.861,5,74,11.9,5.1,7303,1,3,76.4,71.9,13.9,5,14.4,0.585,0.728,20.4
123,0.683,0.975,1,70.5,9.4,4.9,6309,6,-14,74.3,67.1,13.3,9,12.7,0.648,0.713,19.6
125,0.675,0.964,2,70.7,10.7,5.2,8296,-8,-2,75.1,66.1,12.7,6.8,12.6,0.672,0.689,27.4
126,0.667,0.956,2,73.8,9.2,6.4,5625,6,1,76.8,70.8,12.7,7.4,12.6,0.621,0.722,50.5
127,0.666,0.937,3,71.8,8.7,4.5,9438,-15,6,73.8,70.1,13.6,4.5,12.8,0.66,0.685,16.7
128,0.662,0.981,1,74.1,13,5,6230,2,-4,78.5,69.6,12.8,6,12.3,0.648,0.678,38.9
129,0.661,0.898,5,72.4,10.1,7.2,5472,4,11,74.3,70.6,13,6.8,11.9,0.641,0.684,20.9
130,0.641,0.891,3,64.5,9.7,5.6,6351,-2,-2,69.1,60.8,9.5,10.4,9.3,0.653,0.666,6.3
131,0.639,0.898,3,65.3,10.8,4.3,4620,12,-1,67.2,63.7,10.4,10.7,10.1,0.617,0.688,6.1
132,0.633,0.849,5,67.2,10.1,5.7,6590,-6,-1,68.9,65.8,11.9,6.3,11.8,0.585,0.649,13.4
133,0.632,0.946,3,63.8,12,6,5745,-2,5,66,61.6,12.1,7.8,12,0.65,0.666,14.5
134,0.628,0.898,2,70.7,12.7,4.5,3696,22,0,74.6,67.1,13.4,10.7,11.7,0.567,0.668,7.1
135,0.627,0.917,4,69.2,9,2.9,8723,-20,-6,72.7,66,10.5,5.2,10.6,0.614,0.649,19.4
136,0.624,0.907,3,67.4,9.4,4.6,4063,14,-1,69.1,65.5,12.4,5.6,11.3,0.591,0.623,6.7
137,0.621,0.96,2,70.1,9.7,3.2,5298,-1,0,72.5,67.9,10.4,6.8,9.9,0.596,0.65,27.3
138,0.618,0.907,4,67.6,8.1,4.9,4021,13,4,70.4,65.2,13.5,5.6,13.3,0.584,0.643,23.6
139,0.615,1.004,1,59.3,10.6,3.6,8634,-23,-7,63,55.7,11.9,7.5,11.9,0.607,0.633,35.6
140,0.607,0.917,4,67.7,10.4,5.1,4461,7,-4,69.5,66.1,12.2,4.7,13,0.584,0.643,38.5
140,0.607,0.949,3,68.1,9.8,7,7700,-18,1,70.1,66.2,9.9,5,10.3,0.616,0.613,22
140,0.607,0.898,2,70.4,10.3,3,3085,23,3,72.9,68.4,11.4,6.8,11.7,0.591,0.623,0
143,0.602,0.942,3,68.4,9.6,4.6,3877,10,4,70.4,66.6,12.9,4.2,12.8,0.58,0.633,33.6
144,0.597,0.986,1,57.1,9.8,2.2,7679,-21,4,61.2,53.4,13.2,5.7,14.2,0.57,0.601,18.4
145,0.596,0.89,5,60.6,9.1,3.2,12074,-47,-6,62.7,58.8,10,4.2,11.3,0.584,0.621,20.3
146,0.593,0.961,2,59.3,9.1,2.1,3810,9,-1,62,56.2,12,8.3,12.3,0.593,0.601,34.6
146,0.593,0.926,3,69.6,10.2,3.2,4079,3,3,72.3,66.8,11,4.4,11.9,0.596,0.633,19.8
148,0.586,0.903,4,61.6,10.7,3.1,5466,-14,-3,64.3,59,11.5,4.2,12.9,0.57,0.615,29.5
149,0.585,0.944,3,65.7,8,4.3,3851,5,1,69,62.5,11.1,6.1,10.7,0.58,0.604,15
150,0.577,0.825,5,72.1,7,2.1,4192,-2,5,75.2,69.1,9.1,4.6,9.2,0.557,0.617,11.2
151,0.576,0.885,5,60.3,8,2.6,3621,6,2,62,58.7,12.4,4.8,13.8,0.565,0.599,31.1
152,0.575,0.941,3,61.4,5.5,5.7,4474,-6,0,64.1,58.9,10.3,6.1,11.1,0.503,0.61,23.2
153,0.571,0.934,3,63.5,10.8,9,2889,11,-9,64.9,62.1,12.2,5.6,12.4,0.54,0.61,13.6
154,0.565,0.965,2,61.2,11.7,9,3218,7,-4,63.9,58.5,10.9,7.2,11,0.557,0.592,15.1
155,0.564,0.898,3,70.3,11.7,9,2482,13,-1,72,68.9,10.8,6.1,9.9,0.552,0.59,8
156,0.558,0.891,5,63.4,10.3,5.7,3142,6,0,65.8,61.2,12.2,4,11.7,0.554,0.574,16.7
156,0.558,0.931,3,65.4,10.4,4.7,4009,-4,2,68.4,62.9,9.8,4.1,10.9,0.616,0.613,0
158,0.556,0.89,5,64.4,9.4,4.9,5075,-20,-2,66.1,62.7,9.6,4.6,9.2,0.522,0.585,20.3
159,0.55,0.887,5,58.6,10.7,5.2,5217,-22,8,59.9,57.4,10,4.7,11.3,0.538,0.578,15.6
160,0.549,0.943,3,66.2,9.2,6.4,2664,7,2,68.3,64.2,9.3,5.9,9.1,0.518,0.582,36.9
161,0.544,0.81,5,66.1,8.7,4.5,4624,-19,-2,68.6,63.8,8.1,3.9,9.2,0.516,0.581,19.9
162,0.539,0.849,5,61.6,13,5,2167,12,4,62.4,60.8,12.2,3.4,14.3,0.495,0.574,18.7
163,0.535,0.863,5,52.7,9.7,5.6,4790,-22,1,53.1,52.3,9.6,6.1,10.8,0.532,0.565,4.5
163,0.535,0.898,5,63.2,10.1,7.2,2848,2,-3,66.1,60.4,9,4.6,10.4,0.471,0.582,2.7
165,0.534,0.954,2,66.1,11.2,4.4,2210,6,0,68.2,63.8,11.2,4,11.2,0.497,0.586,55.7
166,0.525,0.927,3,62.7,10.8,4.3,2181,6,-3,64.9,60.4,10.2,4.9,10.1,0.506,0.564,33.8
166,0.525,0.88,5,59.8,10.1,5.7,3409,-7,-6,61.4,58.2,9.9,3.3,11.6,0.495,0.574,8.4
168,0.514,0.985,1,53.1,12,6,2700,-2,3,55.9,50.4,12.4,6.6,11.7,0.521,0.547,22.9
169,0.512,0.968,2,62.9,12.7,4.5,1466,13,4,66.5,59.5,12.8,4.1,12.5,0.491,0.558,22.9
170,0.511,0.874,5,67.1,9,2.9,3344,-10,-1,69.3,64.8,9.5,1.6,8.5,0.505,0.545,43
171,0.509,0.87,5,62.3,7.4,4.1,5025,-32,1,65,59.7,7.5,3.4,7.4,0.511,0.519,26.2
172,0.508,0.87,5,65.3,7.9,3.8,3575,-14,-4,67.9,62.7,7.7,3.4,8.1,0.502,0.519,31
173,0.501,0.956,2,64.5,10.1,5.1,1484,8,-3,66.9,62.2,10.2,4.9,10.1,0.475,0.543,17.2
174,0.5,0.924,4,62.1,9.4,4.6,2172,-1,1,63.5,60.7,10.3,3.8,8.5,0.471,0.519,8.6
175,0.498,0.921,4,65,9.7,3.2,2361,-5,6,68.3,61.9,9.8,2.2,9.6,0.466,0.535,39.5
176,0.492,0.874,5,66.5,8.1,4.9,1729,3,-2,68.7,64.3,7.5,3.5,8.6,0.49,0.512,22
177,0.483,0.867,5,59.7,10.6,3.6,1908,0,2,61.8,57.4,10,2.4,11.2,0.481,0.52,13.7
178,0.481,0.871,5,60.7,10.4,5.1,1289,7,0,62.1,59.4,10.1,3.9,10.8,0.478,0.519,9.7
179,0.479,0.885,5,59.2,9.8,7,1076,9,1,61.5,57,9.6,5.6,10.1,0.478,0.52,14.3
180,0.478,0.681,5,62,10.3,3,1824,-2,-5,65.3,58.9,7.7,2.3,12.7,0.448,0.517,27.2
181,0.477,0.893,5,60.1,9.6,4.6,1622,-1,1,61.4,58.8,9.6,3.5,9.9,0.447,0.513,12.3
182,0.465,0.85,5,58.9,9.8,2.2,2481,-13,1,60.1,57.6,8.6,1.3,11,0.449,0.507,16.7
183,0.455,0.496,5,63.8,9.1,3.2,1314,1,-6,67.1,60.6,7.7,2.9,10.5,0.365,0.536,0.3
184,0.449,0.903,4,59.3,9.1,2.1,2118,-8,2,61,57.5,9.1,1.6,9.2,0.452,0.506,6.3
185,0.446,0.922,4,59.3,10.2,3.2,1198,2,-2,62.4,56.2,9.8,2.4,10.7,0.426,0.501,42.4
186,0.428,0.887,5,58.9,7.4,2.3,2133,-11,1,60.3,57.6,6.8,2.4,7.9,0.263,0.529,27.3
187,0.426,0.935,3,61.7,10.7,3.1,732,4,-2,63.6,59.7,10.9,2.5,10.5,0.425,0.471,38.9
188,0.404,0.81,5,53.9,8,4.3,966,1,2,56.3,51.6,6.7,3.1,9.4,0.428,0.464,12.9
189,0.4,0.835,5,61.6,7,2.1,1240,-3,2,62.8,60.4,6.3,1.7,7.6,0.399,0.45,25.9
190,0.394,0.77,5,52.5,8,2.6,1364,-7,-1,54.3,50.8,6.6,1.5,9.5,0.412,0.441,32.3
191,0.385,0.843,5,55,5.5,5.7,768,-1,-3,56.5,53.4,4.5,4.8,6.6,0.359,0.443,32.3
192,0.607,0.882,4,73.3,10.8,4.3,4620,4,1,67.2,70.8,10.4,10.4,11.1,0.364,0.436,17.6
193,0.72,0.969,1,85.9,12.7,7.3,11488,2,2,76.3,84.3,15.2,8.3,12.7,0.339,0.441,33.3
194,0.607,0.893,5,63.6,11.7,5.1,17730,2,0,62.1,60.3,13.1,13.1,10.4,0.348,0.413,10.5
195,0.812,0.949,2,55.3,12.7,8.6,1018,-8,-2,74.6,53.2,12.4,10.2,12.2,0.68,0.7,24.6
